<?xml version="1.0" encoding="UTF-8" standalone="no"?>
<TcBusinessDataIncludes>
    <include iconfile="Awp0AddIcon.svg"/>
    <include iconfile="Awp0AddOcc.svg"/>
    <include iconfile="Awp0AddProfile.svg"/>
    <include iconfile="Awp0AddToFavorites.svg"/>
    <include iconfile="Awp0AssignTaskCommand.svg"/>
    <include iconfile="Awp0CancelCheckout.svg"/>
    <include iconfile="Awp0CancelEdits.svg"/>
    <include iconfile="Awp0Checkmark.svg"/>
    <include iconfile="Awp0Checkout.svg"/>
    <include iconfile="Awp0ClaimTasksCommand.svg"/>
    <include iconfile="Awp0ColorFilteringDisplayToggle.svg"/>
    <include iconfile="Awp0ColumnConfigIcon.svg"/>
    <include iconfile="Awp0CommandOpenInbox.svg"/>
    <include iconfile="Awp0CommandShowLabel.svg"/>
    <include iconfile="Awp0CommandSignOut.svg"/>
    <include iconfile="Awp0Copy.svg"/>
    <include iconfile="Awp0CreateIcon.svg"/>
    <include iconfile="Awp0DeleteX.svg"/>
    <include iconfile="Awp0DesignElementSubordinate.svg"/>
    <include iconfile="Awp0DisplayOption.svg"/>
    <include iconfile="Awp0Edit.svg"/>
    <include iconfile="Awp0FilterInboxResults.svg"/>
    <include iconfile="Awp0FilterSearchResults.svg"/>
    <include iconfile="Awp0FullScreen.svg"/>
    <include iconfile="Awp0FullTxtSearchRsltsIcon.svg"/>
    <include iconfile="Awp0Home.svg"/>
    <include iconfile="Awp0HostedAddComponent.svg"/>
    <include iconfile="Awp0HostedOpen.svg"/>
    <include iconfile="Awp0ImageView.svg"/>
    <include iconfile="Awp0Info.svg"/>
    <include iconfile="Awp0List.svg"/>
    <include iconfile="Awp0ListSummary.svg"/>
    <include iconfile="Awp0Markup.svg"/>
    <include iconfile="Awp0MissingCommand.svg"/>
    <include iconfile="Awp0MyHomeFolder.svg"/>
    <include iconfile="Awp0Open.svg"/>
    <include iconfile="Awp0OpenNXTCXML.svg"/>
    <include iconfile="Awp0OpenVVI.svg"/>
    <include iconfile="Awp0PerformTasksCommand.svg"/>
    <include iconfile="Awp0Pin.svg"/>
    <include iconfile="Awp0PinAngled.svg"/>
    <include iconfile="Awp0PinObject.svg"/>
    <include iconfile="Awp0ReleaseCommand.svg"/>
    <include iconfile="Awp0RemoveFromFavorites.svg"/>
    <include iconfile="Awp0RemoveIcon.svg"/>
    <include iconfile="Awp0ReplaceFile5.svg"/>
    <include iconfile="Awp0ReviseIcon.svg"/>
    <include iconfile="Awp0Rotate.svg"/>
    <include iconfile="Awp0SaveAndCheckin.svg"/>
    <include iconfile="Awp0SaveEdits.svg"/>
    <include iconfile="Awp0SaveSearchCommand.svg"/>
    <include iconfile="Awp0SearchCommand.svg"/>
    <include iconfile="Awp0Settings.svg"/>
    <include iconfile="Awp0StandInCommand.svg"/>
    <include iconfile="Awp0SubmitToWorkflowImage.svg"/>
    <include iconfile="Awp0Table.svg"/>
    <include iconfile="Awp0Trash.svg"/>
    <include iconfile="Awp0UnPinObject.svg"/>
    <include iconfile="Awp0ViewFile.svg"/>
    <include iconfile="Awp0VoidIcon.svg"/>
    <include iconfile="Awp0ShapeSearchFilter.svg"/>
    <include iconfile="Awp0ShowAlert.svg"/>
    <include iconfile="Awp0ShowTableSummaryView.svg"/>
    <include iconfile="Awp0PromoteTask.svg"/>
    <include iconfile="Awp0Print.svg"/>
    <include iconfile="Awp0ShowHomeCreateDocument.svg"/>
    <include iconfile="Awp0Replaceparticipant.svg"/>
    <include iconfile="Awp0ArrangeHide.svg"/>
    <include iconfile="Awp0ArrangeShow.svg"/>
    <include iconfile="Awp0ArrangeMoveDown.svg"/>
    <include iconfile="Awp0ArrangeMoveUp.svg"/>
    <include iconfile="Awp0ChangeOwner.svg"/>
    <include iconfile="Awp0ChangePassword.svg"/>
    <include iconfile="Awp0SelectAll.svg"/>
    <include iconfile="Awp0Classification.svg"/>
    <include iconfile="Awp0ShowCreateDocument.svg"/>
    <include iconfile="Awp0ShowRender.svg"/>
    <include iconfile="Awp0InContextReport.svg"/>
    <include iconfile="Awp0ReplaceMultipleParticipants.svg"/>
    <include iconfile="Awp0Paste.svg"/>
    <include iconfile="Awp0Projects.svg"/>
    <include iconfile="Awp0SetOrClearLocationCode.svg"/>
    <include iconfile="Awp0OpenInNX.svg"/>
    <include iconfile="Awp0License.svg"/>
    <include iconfile="Awp0NavigateObject.svg"/>
    <include iconfile="Arm0ExportToOfficeApp.svg"/>
    <include iconfile="Arm0TracelinkFlat.svg"/>
    <include iconfile="Awp0OccEffectivity.svg"/>
    <include iconfile="Awp0OpenInNewTabIcon.svg"/>
</TcBusinessDataIncludes>
