<?xml version="1.0" encoding="UTF-8" standalone="no"?>
<TcBusinessDataIncludes>
    <include iconfile="VC4_VxH_DocRevision.png"/>
    <include iconfile="VC4_ENG_DocRevision.png"/>
    <include iconfile="VC4_VML_Doc.png"/>
    <include iconfile="VC4_SoftwarePartRevision.png"/>
    <include iconfile="VC4_VMI_Doc.png"/>
    <include iconfile="VC4_ENG_Doc.png"/>
    <include iconfile="VC4_REQ_Doc.png"/>
    <include iconfile="VC4_ElectricPart.png"/>
    <include iconfile="VC4_ElectricPartRevision.png"/>
    <include iconfile="VC4_VxH_Doc.png"/>
    <include iconfile="VC4_VMFRevision.png.png"/>
    <include iconfile="VC4_MAI_Doc.png"/>
    <include iconfile="VC4_MAI_DocRevision.png"/>
    <include iconfile="VC4_VMP_DocRevision.png"/>
    <include iconfile="VC4_VMF.png.png"/>
    <include iconfile="VC4_CPL_DocRevision.png"/>
    <include iconfile="VC4_VMI_DocRevision.png"/>
    <include iconfile="VC4_HardwarePart.png"/>
    <include iconfile="VC4_VML_DocRevision.png"/>
    <include iconfile="VC4_REQ_DocRevision.png"/>
    <include iconfile="VC4_CPL_Doc.png"/>
    <include iconfile="VC4_HardwarePartRevision.png"/>
    <include iconfile="VC4_SoftwarePart.png"/>
    <include iconfile="VC4_VMP_Doc.png"/>
    <include iconfile="VC4_SPC_Doc.png"/>
    <include iconfile="VC4_SPC_DocRevision.png"/>
    <include iconfile="VC4_SchemListExcel_16.png"/>
    <include iconfile="VC4_QMS_Folder.png"/>
    <include iconfile="VC4_Volo_Product.png"/>
    <include iconfile="VC4_Volo_ProductRevision.png"/>
    <include iconfile="VC4_Prototype_Released.png"/>
    <include iconfile="VC4_Canceled.png"/>
    <include iconfile="VC4_Obsolete.png"/>
    <include iconfile="VC4_Superseded.png"/>
    <include iconfile="VC4_Under_Review.png"/>
    <include iconfile="VC4_In_Work.png"/>
    <include iconfile="VC4_Approved.png"/>
    <include iconfile="VC4_Closed.png"/>
    <include iconfile="VC4_Rejected.png"/>
    <include iconfile="VC4_Sent.png"/>
    <include iconfile="VC4_Received.png"/>
    <include iconfile="VC4_Released.png"/>
    <include iconfile="VC4_JIGrevision.png"/>
    <include iconfile="VC4_MOLD.png"/>
    <include iconfile="VC4_MOLDrevision.png"/>
    <include iconfile="VC4_JIG.png"/>
    <include iconfile="VC4_Symbol.png"/>
    <include iconfile="VC4_SymbolRevision.png"/>
</TcBusinessDataIncludes>
