<?xml version="1.0" encoding="UTF-8" standalone="no"?>
<TcBusinessDataIncludes>
    <include iconfile="Awb0AddOcc.svg"/>
    <include iconfile="Awb0colorFilteringDisplayToggle.svg"/>
    <include iconfile="Awb0ConfigurationFilter.svg"/>
    <include iconfile="Awb0Flat.svg"/>
    <include iconfile="Awb0Hierarchical.svg"/>
    <include iconfile="Awb0Open.svg"/>
    <include iconfile="Awb0RemoveOcc.svg"/>
    <include iconfile="Awb0SaveWorkingContext.svg"/>
    <include iconfile="Awb0ShowChildOccurrences.svg"/>
    <include iconfile="Awb0CollapseChildOccurrences.svg"/>
    <include iconfile="Awb0StructureNavigate.svg"/>
    <include iconfile="Awb0ReplaceElement.svg"/>
    <include iconfile="Awb0OccEffectivity.svg"/>
    <include iconfile="Awb0Reset.svg"/>
    <include iconfile="Awb0Nested.svg"/>
    <include iconfile="Awb0Compare.svg"/>
</TcBusinessDataIncludes>
