<?xml version="1.0" encoding="UTF-8" standalone="no"?>
<TcBusinessDataIncludes>
    <include iconfile="Awv0UseTransparencyOnIcon.svg"/>
    <include iconfile="Awv0OrientBack.svg"/>
    <include iconfile="Awv0OrientBottom.svg"/>
    <include iconfile="Awv0OrientFront.svg"/>
    <include iconfile="Awv0OrientIso.svg"/>
    <include iconfile="Awv0OrientLeft.svg"/>
    <include iconfile="Awv0OrientRight.svg"/>
    <include iconfile="Awv0OrientTop.svg"/>
    <include iconfile="Awv0OrientTri.svg"/>
    <include iconfile="Awv0Rotate.svg"/>
    <include iconfile="Awv0Pan.svg"/>
    <include iconfile="Awv0Zoom.svg"/>
    <include iconfile="Awv0AllOn.svg"/>
    <include iconfile="Awv0AllOff.svg"/>
    <include iconfile="Awv0Fit.svg"/>
    <include iconfile="Awv0SelectedOff.svg"/>
    <include iconfile="Awv0SelectedOnly.svg"/>
    <include iconfile="Awv0SelectVisible.svg"/>
    <include iconfile="Awv0SelectParts.svg"/>
    <include iconfile="Awv0SelectFeatures.svg"/>
    <include iconfile="Awv0MeasureTape.svg"/>
    <include iconfile="Awv0DisplayOption.svg"/>
    <include iconfile="Awv0CaptureCmd.svg"/>
    <include iconfile="Awv0PMI.svg"/>
    <include iconfile="Awv0ContextOff.svg"/>
    <include iconfile="Awv0ContextOnly.svg"/>
    <include iconfile="Awv0SelectContext.svg"/>
    <include iconfile="Awv0Pin.svg"/>
    <include iconfile="Awv0Unpin.svg"/>
    <include iconfile="Awv0SelectedOn.svg"/>
    <include iconfile="Awv0ContextOn.svg"/>
    <include iconfile="Awv0ApplyOffset.svg"/>
    <include iconfile="Awv0GeometricAnalysisMeasure.svg"/>
    <include iconfile="Awv0GeometricAnalysisQuery.svg"/>
    <include iconfile="Awv0GeometricAnalysisSection.svg"/>
    <include iconfile="Awv0GeometricAnalysisVolume.svg"/>
    <include iconfile="Awv0GeometricAnalysisProximity.svg"/>
    <include iconfile="Awv0RemoveTarget.svg"/>
</TcBusinessDataIncludes>
