<?xml version="1.0" encoding="UTF-8" standalone="no"?>
<TcBusinessDataIncludes>
    <include iconfile="Rv1Child.svg"/>
    <include iconfile="Rv1ConvertToParent.svg"/>
    <include iconfile="Rv1CreateGroup.svg"/>
    <include iconfile="Rv1DownArrow.svg"/>
    <include iconfile="Rv1ExpandAllOrSelected.svg"/>
    <include iconfile="Rv1LayoutGroup.svg"/>
    <include iconfile="Rv1RelationControlPanel.svg"/>
    <include iconfile="Rv1Trash.svg"/>
    <include iconfile="Rv1StartEdit.svg"/>
    <include iconfile="Rv1ExitEdit.svg"/>
    <include iconfile="Rv1Incoming.svg"/>
    <include iconfile="Rv1Outgoing.svg"/>
    <include iconfile="Rv1RelatedObjectsView.svg"/>
    <include iconfile="Rv1ArrangeGroup.svg"/>
</TcBusinessDataIncludes>
